Tyler,Tyler Auer,1
Jessica,Jessica Auer,2
Hannah,Hannah Auer,3
Avery,Avery Auer,4
Narva,Dan Narva,5
Barbara,Barbara Cherry,6
Dr. Hogan,Alex Hogan,7
Bingo,Howard Cherry,8
Jamie,Jamie Rosten,9
Maisie,Maise von Rosten Auer,10